{
  "hash": "b5a6d06b",
  "configHash": "edfd7c20",
  "lockfileHash": "08d4a089",
  "browserHash": "872e9067",
  "optimized": {
    "@angular/common": {
      "src": "../../../../../../node_modules/@angular/common/fesm2022/common.mjs",
      "file": "@angular_common.js",
      "fileHash": "fb8a076a",
      "needsInterop": false
    },
    "@angular/core": {
      "src": "../../../../../../node_modules/@angular/core/fesm2022/core.mjs",
      "file": "@angular_core.js",
      "fileHash": "1436ff28",
      "needsInterop": false
    },
    "@angular/platform-browser": {
      "src": "../../../../../../node_modules/@angular/platform-browser/fesm2022/platform-browser.mjs",
      "file": "@angular_platform-browser.js",
      "fileHash": "69b59e9f",
      "needsInterop": false
    },
    "@angular/router": {
      "src": "../../../../../../node_modules/@angular/router/fesm2022/router.mjs",
      "file": "@angular_router.js",
      "fileHash": "8c16a89b",
      "needsInterop": false
    }
  },
  "chunks": {
    "chunk-N66GPOAE": {
      "file": "chunk-N66GPOAE.js"
    },
    "chunk-5FHY7Z5A": {
      "file": "chunk-5FHY7Z5A.js"
    },
    "chunk-WGQFXCG2": {
      "file": "chunk-WGQFXCG2.js"
    }
  }
}